"dataset_type","question","isotype","Model","Accuracy","AUC_Macro","AUC_Micro","AUPRC_Macro","AUPRC_Micro","Brier","StratBrier","n_predictions","coverage"
"cross_sectional","dengue_serotype","IgG","GLMnet",0.523809523809524,0.276543209876543,0.749055177626606,0.264768003825666,0.44958750575922,0.158877735203501,0.824692115600512,23,1
"cross_sectional","dengue_serotype","IgG","PLS-DA",0.434782608695652,0.434555640437993,0.648393194706994,0.233298847650386,0.326500482713157,0.179332663445114,0.805838258251984,23,1
"cross_sectional","dengue_serotype","IgG","Random Forest",0.565217391304348,0.372953272217978,0.675488342785129,0.231687195826569,0.409163194568126,0.179240046086957,1.00753598055556,23,1
"cross_sectional","dengue_serotype","IgG","XGBoost",0.521739130434783,0.400050929462694,0.659735349716446,0.233412470036364,0.402390770120821,0.19007456946589,1.10515243404908,23,1
"cross_sectional","dengue_serotype","IgA","GLMnet",0.523809523809524,0.269753086419753,0.71957671957672,0.276658398862346,0.402920887222,0.167075138867397,0.864552341550879,23,1
"cross_sectional","dengue_serotype","IgA","PLS-DA",0.521739130434783,0.401480137509549,0.652804032766225,0.225504915362652,0.374729155739779,0.178450497263694,0.782977895548801,23,1
"cross_sectional","dengue_serotype","IgA","Random Forest",0.521739130434783,0.443116564807741,0.708884688090737,0.23955192141039,0.405972164133117,0.170579304347826,0.9363805,23,1
"cross_sectional","dengue_serotype","IgA","XGBoost",0.478260869565217,0.401031321619557,0.66351606805293,0.242811714349985,0.406395560135434,0.176014136245222,0.774573806862251,23,1
"cross_sectional","dengue_serotype","IgM","GLMnet",0.571428571428571,0.0882716049382716,0.697656840513984,0.210605125880216,0.369444504543102,0.167701516186765,0.863263112004322,23,1
"cross_sectional","dengue_serotype","IgM","PLS-DA",0.391304347826087,0.270928826075885,0.601764335223692,0.185484257593349,0.325975645049214,0.181808547906143,0.793293502400992,23,1
"cross_sectional","dengue_serotype","IgM","Random Forest",0.434782608695652,0.191774891774892,0.604914933837429,0.190991916145137,0.329414096206159,0.193506028655107,1.03564747140403,23,1
"cross_sectional","dengue_serotype","IgM","XGBoost",0.478260869565217,0.355637254901961,0.604914933837429,0.215144963075897,0.339857059286605,0.202698573585895,1.08980415813318,23,1
"cross_sectional","dengue_serotype","avidity","GLMnet",0.476190476190476,0.225308641975309,0.719576719576719,0.244889820338092,0.405790308862418,0.167854565584431,0.85328490736078,23,1
"cross_sectional","dengue_serotype","avidity","PLS-DA",0.391304347826087,0.477947542653425,0.610586011342155,0.274620911506028,0.353932829009983,0.186770023106373,0.803781360574286,23,1
"cross_sectional","dengue_serotype","avidity","Random Forest",0.391304347826087,0.420387700534759,0.707624448645243,0.267292941416835,0.494494571972001,0.160041615306602,0.944702365813571,23,1
"cross_sectional","dengue_serotype","avidity","XGBoost",0.478260869565217,0.602422332569391,0.739130434782608,0.293259602383054,0.481474904027953,0.161397472311741,0.780533336864837,23,1
"cross_sectional","dengue_serotype_neg","IgG","GLMnet",0.432432432432432,0.340585637480799,0.734660336011688,0.222568153388573,0.360757831473867,0.142801485456993,0.883216254027789,39,1
"cross_sectional","dengue_serotype_neg","IgG","PLS-DA",0.435897435897436,0.48572197032342,0.707922419460881,0.224568004097217,0.360349026119364,0.149443506204234,0.809002082117608,39,1
"cross_sectional","dengue_serotype_neg","IgG","Random Forest",0.41025641025641,0.374010637778754,0.713675213675214,0.204594729779571,0.357431115550024,0.145632175019943,0.983343620583333,39,1
"cross_sectional","dengue_serotype_neg","IgG","XGBoost",0.564102564102564,0.431676933850847,0.702827087442471,0.223486829846581,0.372337766491859,0.151485924800743,1.05683025740975,39,1
"cross_sectional","dengue_serotype_neg","IgA","GLMnet",0.513513513513513,0.424860847564832,0.77154857560263,0.293466539453591,0.460516678207904,0.132191969735791,0.838881035234456,39,1
"cross_sectional","dengue_serotype_neg","IgA","PLS-DA",0.538461538461538,0.547929731444224,0.713182117028271,0.238593748658389,0.389220936409415,0.14848021183325,0.825995644152535,39,1
"cross_sectional","dengue_serotype_neg","IgA","Random Forest",0.512820512820513,0.542993009478517,0.752301117685733,0.262626617680474,0.486850483059079,0.132719358393162,0.901555530481482,39,1
"cross_sectional","dengue_serotype_neg","IgA","XGBoost",0.384615384615385,0.566217221833164,0.726660092044707,0.273253185837304,0.453850174455832,0.155720608987964,1.0885593894572,39,1
"cross_sectional","dengue_serotype_neg","IgM","GLMnet",0.405405405405405,0.204392281105991,0.717494521548577,0.177437581835766,0.329632620485781,0.144555991066084,0.87307364966269,39,1
"cross_sectional","dengue_serotype_neg","IgM","PLS-DA",0.384615384615385,0.362259245411419,0.675378040762657,0.165727923048368,0.305759876819152,0.154561515846042,0.8147587927175,39,1
"cross_sectional","dengue_serotype_neg","IgM","Random Forest",0.358974358974359,0.292196725711218,0.677021696252465,0.180670791819414,0.31513196534546,0.150587216433048,0.975079463259259,39,1
"cross_sectional","dengue_serotype_neg","IgM","XGBoost",0.435897435897436,0.400398026484983,0.636752136752136,0.191563480278111,0.31973464807971,0.162177190750509,1.01509389619402,39,1
"cross_sectional","dengue_serotype_neg","avidity","GLMnet",0.432432432432432,0.323555051052679,0.747078159240322,0.233939938109964,0.385616381593377,0.140492356272812,0.858489939906706,39,1
"cross_sectional","dengue_serotype_neg","avidity","PLS-DA",0.461538461538462,0.616910866729707,0.736522024983562,0.269382595905944,0.38709260863296,0.145575809618759,0.793429811407147,39,1
"cross_sectional","dengue_serotype_neg","avidity","Random Forest",0.538461538461538,0.496929389864172,0.76742274819198,0.294138019746648,0.525824614140494,0.125600051117281,0.892009234366633,39,1
"cross_sectional","dengue_serotype_neg","avidity","XGBoost",0.538461538461538,0.562213844279062,0.755917159763313,0.285497000007713,0.508151901437484,0.131095522713346,0.824574693567279,39,1
